country_id,country
1,Uninformed Country
2,United States
3,"United States,Canada"
4,"United States,Australia"
5,Canada
6,"United States,United Kingdom"
7,"United States,South Korea"
8,"Ireland,United States,Canada,United Kingdom,Denmark,Spain,Poland,Hungary"
9,"France,United Kingdom"
10,"United Kingdom,Australia"
11,"Ireland,United States"
12,"Canada,United States,France"
13,"France,South Korea,Japan,United States"
14,France
15,"United States,United Kingdom,Hungary"
16,"United States,Germany"
17,"United States,United Kingdom,Australia"
18,"United States,India"
19,"United States,Canada,United Kingdom,Singapore,Australia,Thailand"
20,"Canada,United States"
21,"South Korea,United States,China,Japan"
22,"Australia,United Kingdom"
23,United Kingdom
24,"United States,United Kingdom,South Korea"
25,"United States,United Kingdom,Canada"
26,"United States,Germany,United Kingdom"
27,"United States,Canada,Ireland"
28,"United States,Brazil"
29,"United Kingdom,United States"
30,"United Kingdom,United States,Canada,Ireland"
31,"United States,United Kingdom,Belgium,Canada"
32,"Austria,South Africa"
33,"United States,Japan"
34,"United States,Spain"
35,"United Kingdom,United States,France"
36,"United States,Canada,Hong Kong"
37,Argentina
38,United Arab Emirates
39,"United States,Mexico"
40,"France,Switzerland,Spain,United States,United Arab Emirates"
41,"United Kingdom,France"
42,"Argentina,Mexico"
43,India
44,"France,Japan"
45,"United Kingdom,Canada,United States"
46,"United States,Ireland"
47,"France,United Kingdom,United States"
48,"United Kingdom,United States,Canada"
49,"United States,Germany,Ireland,United Kingdom"
50,"United States,United Kingdom,South Africa"
51,"United Kingdom,United States,Ireland"
52,"France,United States"
53,"Ireland,United Kingdom,United States,South Korea,Canada"
54,"United States,South Korea,France"
55,"United States,Australia,France,Canada"
56,"United States,Hungary,United Kingdom"
57,"United States,Hong Kong,South Korea,France,Canada,China,United Kingdom,Australia,Japan,Taiwan,Philippines"
58,"United States,Taiwan,South Korea,China,Japan,United Kingdom"
59,"Germany,United States"
60,"United Kingdom,Germany"
61,"United States,Philippines,South Korea"
62,"United Kingdom,China,United States"
63,"Tanzania,United States"
64,"United States,Panama,Mexico"
65,"United States,United Kingdom,Australia,Canada"
66,"United States,France"
67,"United States,Angola,Botswana,Namibia,South Africa"
68,"Canada,United States,United Kingdom,France,Luxembourg"
69,"Australia,United States"
70,"United States,Denmark"
71,"Denmark,China"
72,"United States,Guatemala"
73,"United States,South Korea,Singapore,Russia,Malaysia,Kazakhstan,Taiwan,Hong Kong,Japan,China,India,Syria,Iran,Egypt,Pakistan"
74,"United States,Canada,Australia"
75,"United States,South Korea,China,Taiwan"
76,"United States,Taiwan,China"
77,"United States,New Zealand"
78,"Canada,Malaysia,United States"
79,"United States,India,United Kingdom"
80,"Norway,Sweden,United States"
81,"France,Canada,United States"
82,"United States,Poland,Slovenia,Czech Republic,United Kingdom"
83,"United States,Canada,Australia,Taiwan"
84,"China,Hong Kong,United States"
85,"Austria,United Kingdom,United States"
86,China
87,Germany
88,"New Zealand,United States"
89,"United States,Spain,France,Canada,United Kingdom"
90,"United Kingdom,Germany,United States"
91,South Africa
92,"United States,Ghana,Burkina Faso,United Kingdom,Germany,Ethiopia"
93,"Germany,Czech Republic"
94,Mexico
95,Turkey
96,Australia
97,"United States,India,France"
98,Finland
99,"China,Canada,United States"
100,"South Africa,United States,Japan"
101,Nigeria
102,Japan
103,"Spain,United States"
104,Belgium
105,South Korea
106,Spain
107,"United States,Singapore"
108,"United Kingdom,Australia,France"
109,"United Kingdom,Australia,France,United States"
110,"South Africa,United States"
111,"United States,Italy,France,Japan"
112,"United States,Italy,Romania,United Kingdom"
113,"Argentina,Venezuela"
114,"China,Hong Kong"
115,Russia
116,Hong Kong
117,"United States,China,Hong Kong"
118,"Italy,United States"
119,South Korea
120,Ireland
121,"India,Nepal"
122,"New Zealand,Australia,France,United States"
123,Italy
124,"Italy,Brazil,Greece"
125,Jordan
126,Colombia
127,"Belgium,United Kingdom"
128,"Switzerland,United Kingdom,Australia"
129,"Israel,United States"
130,Brazil
131,"Argentina,Spain"
132,Taiwan
133,"United States,Nigeria"
134,"Bulgaria,United States"
135,"Spain,United Kingdom,United States"
136,"United States,China"
137,"Spain,France,United Kingdom,United States"
138,"France,Algeria"
139,Poland
140,"France,Israel,Germany,United States,United Kingdom"
141,New Zealand
142,Saudi Arabia
143,Thailand
144,Indonesia
145,"Egypt,Denmark,Germany"
146,"United States,Switzerland"
147,"Hong Kong,Canada,United States"
148,"Kuwait,United States"
149,"France,Canada,United States,Spain"
150,"France,Netherlands,Singapore"
151,"France,Belgium"
152,"Ireland,United States,United Kingdom"
153,Egypt
154,Malaysia
155,Israel
156,"Australia,New Zealand"
157,"Belgium,Netherlands"
158,"South Korea,Czech Republic"
159,"Australia,Germany"
160,Vietnam
161,"United Kingdom,Belgium"
162,"United Kingdom,Australia,United States"
163,"France,Japan,United States"
164,"United Kingdom,Germany,Spain,United States"
165,"United Kingdom,United States,France,Italy"
166,"United States,Germany,Canada"
167,"United States,France,Italy,United Kingdom"
168,"United States,United Kingdom,Germany,Hungary"
169,Sweden
170,Lebanon
171,Romania
172,"Finland,Germany"
173,"Lebanon,Syria"
174,Philippines
175,Iceland
176,Denmark
177,"Philippines,Singapore,Indonesia"
178,"China,United States,Canada"
179,"Lebanon,United Arab Emirates"
180,"Canada,United States,Denmark"
181,"Mexico,France,Colombia"
182,Netherlands
183,"Germany,United States,France"
184,"United States,Bulgaria"
185,"United Kingdom,France,Germany,United States"
186,"Norway,Denmark"
187,"Syria,France,Lebanon,Qatar"
188,"United States,Czech Republic"
189,Mauritius
190,"Canada,South Africa"
191,Austria
192,"Mexico,Brazil"
193,"Germany,France"
194,"Mexico,United States"
195,"United Kingdom,France,Spain,United States"
196,"United States,United Kingdom,France"
197,"United States,Russia"
198,"United States,United Kingdom,New Zealand"
199,"Canada,Nigeria,United States"
200,"France,United States,United Kingdom,Canada"
201,"India,United Kingdom"
202,"Canada,United States,Mexico"
203,"Czech Republic,United Kingdom,United States"
204,"China,United Kingdom"
205,"Italy,United Kingdom"
206,"China,Taiwan"
207,"United States,Brazil,Japan,Spain,India"
208,"United States,China,United Kingdom"
209,Cameroon
210,"Lebanon,Palestine,Denmark,Qatar"
211,"Japan,United States"
212,"Uruguay,Germany"
213,"Egypt,Saudi Arabia"
214,"United Kingdom,France,Poland,Germany,United States"
215,"Ireland,Switzerland,United Kingdom,France,United States"
216,"United Kingdom,South Africa,France"
217,"Ireland,United Kingdom,France,Germany"
218,"Russia,United States"
219,"United Kingdom,"
220,Kenya
221,"Spain,Argentina"
222,"India,United Kingdom,France,Qatar"
223,"Belgium,France"
224,"Argentina,Chile"
225,"United States,Thailand"
226,"Chile,Brazil"
227,"United States,Colombia"
228,"Canada,United States,United Kingdom"
229,Uruguay
230,Luxembourg
231,"United States,Cambodia,Romania"
232,Bangladesh
233,"Spain,Belgium,United States"
234,"United Kingdom,United States,Australia"
235,"Portugal,United States"
236,"Portugal,Spain"
237,"India,United States"
238,"United Kingdom,Ireland"
239,"United Kingdom,Spain,United States"
240,"Hungary,United States"
241,"Canada,United States,Cayman Islands"
242,"India,France"
243,"France,Canada"
244,"Canada,Hungary,United States"
245,Norway
246,"Canada,United Kingdom,United States"
247,"United Kingdom,Germany,France,United States"
248,"Denmark,United States"
249,Senegal
250,"France,Algeria"
251,"United Kingdom,Finland,Germany,United States,Australia,Japan,France,Ireland"
252,"Philippines,Canada,United Kingdom,United States"
253,"Ireland,France,Iceland,United States,Mexico,Belgium,United Kingdom,Hong Kong"
254,Singapore
255,Kuwait
256,"United States,France,Serbia"
257,"United States,Italy"
258,"Spain,Italy"
259,"United States,Ireland,United Kingdom,India"
260,"United Kingdom,Singapore"
261,"Hong Kong,United States"
262,"United States,Malta,France,United Kingdom"
263,"United States,China,Canada"
264,"Canada,United States,Ireland"
265,"Lebanon,Canada,France"
266,"Japan,Canada,United States"
267,"Spain,France,Canada"
268,"Denmark,Singapore,Canada,United States"
269,"United States,France,Denmark"
270,"United States,China,Colombia"
271,"Spain,Thailand,United States"
272,"Mexico,Spain"
273,"Ireland,Luxembourg,Belgium"
274,"China,United States"
275,"Canada,Belgium"
276,"Canada,United Kingdom"
277,"Lebanon,United Arab Emirates,France,Switzerland,Germany"
278,"France,Belgium,Italy"
279,"Lebanon,United States,United Arab Emirates"
280,"Lebanon,France"
281,"France,Lebanon"
282,"France,Lebanon,United Kingdom"
283,"France,Norway,Lebanon,Belgium"
284,"Sweden,Czech Republic,United Kingdom,Denmark,Netherlands"
285,"United States,United Kingdom,India"
286,"Indonesia,Netherlands"
287,"Turkey,South Korea"
288,"Serbia,United States"
289,Namibia
290,"United Kingdom,Kenya"
291,"United Kingdom,France,Germany,Spain"
292,"United Kingdom,France,United States,Belgium,Luxembourg,China,Germany"
293,"Thailand,United States"
294,"United States,France,Canada,Belgium"
295,"United Kingdom,China"
296,"Germany,China,United Kingdom"
297,"Australia,New Zealand,United States"
298,"Hong Kong,Iceland,United States"
299,"France,Australia,Germany"
300,"United States,Belgium,Canada,France"
301,"South Africa,Angola"
302,"United States,Philippines"
303,"United States,United Kingdom,Canada,China"
304,"United States,Canada,United Kingdom"
305,"Turkey,United States"
306,"Peru,Germany,Norway"
307,Mozambique
308,"Brazil,France"
309,"China,Spain,South Korea,United States"
310,"Spain,Germany"
311,"Hong Kong,China"
312,"France,Belgium,Luxembourg,Cambodia,"
313,Belarus
314,"Indonesia,United Kingdom"
315,"Switzerland,France,Belgium,United States"
316,Ghana
317,"Spain,France,Canada,United States"
318,"Chile,Italy"
319,"United Kingdom,Nigeria"
320,Chile
321,"France,Egypt"
322,"Egypt,France"
323,"France,Brazil,Spain,Belgium"
324,"Egypt,Algeria"
325,"Canada,South Korea,United States"
326,"Nigeria,United Kingdom"
327,"United States,France,Canada"
328,"Poland,United States"
329,"United Arab Emirates,Jordan,Lebanon,Saudi Arabia"
330,"United States,Mexico,Spain,Malta"
331,"Saudi Arabia,United Arab Emirates"
332,Zimbabwe
333,"United Kingdom,Germany,United Arab Emirates,New Zealand"
334,"Romania,United States"
335,"Canada,Nigeria"
336,"Saudi Arabia,Netherlands,Germany,Jordan,United Arab Emirates,United States"
337,"United Kingdom,Spain"
338,"Finland,France"
339,"United Kingdom,Germany,United States,France"
340,"India,United Kingdom,China,Canada,Japan,South Korea,United States"
341,"Italy,United Kingdom,France"
342,"United States,Mexico,Colombia"
343,"Turkey,India"
344,"Italy,Turkey"
345,"United Kingdom,United States,Japan"
346,"France,Belgium,United States"
347,"Puerto Rico,United States,Colombia"
348,"Uruguay,Argentina"
349,"United States,United Kingdom,Japan"
350,"United States,Argentina"
351,"United Kingdom,Italy"
352,"Ireland,United Kingdom"
353,"United Kingdom,France,Belgium,Canada,United States"
354,"Netherlands,Germany,Denmark,United Kingdom"
355,Hungary
356,"Austria,Germany"
357,"Taiwan,China"
358,"South Korea,United States"
359,"Brazil,United Kingdom"
360,"Pakistan,United States"
361,"Romania,France,Switzerland,Germany"
362,"Romania,United Kingdom"
363,"France,Malta,United States"
364,Cyprus
365,"United Kingdom,France,Belgium,Ireland,United States"
366,"United States,Norway,Canada"
367,"Kenya,United States"
368,"Taiwan,Malaysia"
369,"Uruguay,Argentina,Germany,Spain"
370,"United States,United Kingdom,France,Germany,Japan"
371,"United States,France,Japan"
372,"United Kingdom,France,United States"
373,"Spain,France,United States"
374,"Indonesia,South Korea,Singapore"
375,"Netherlands,Germany,Italy,Canada"
376,"Spain,Germany,Denmark,United States"
377,"Norway,Sweden"
378,"South Korea,Canada,United States,China"
379,"Argentina,Uruguay,Serbia"
380,"Mauritius,South Africa"
381,"United States,Poland"
382,"United Kingdom,United States,Germany,Denmark,Belgium,Japan"
383,"India,Germany"
384,"India,United Kingdom,Canada,United States"
385,"Philippines,United States"
386,"Romania,Bulgaria,Hungary"
387,"Uruguay,Guatemala"
388,"France,Senegal,Belgium"
389,"United Kingdom,Canada"
390,"Mexico,United States,Spain,Colombia"
391,"Canada,Norway"
392,"Singapore,United States"
393,"Finland,Germany,Belgium"
394,"United States,Chile"
395,"United Kingdom,Japan,United States"
396,"Spain,United Kingdom"
397,"Argentina,United States,Mexico"
398,"United States,South Korea,Japan"
399,"Canada,Australia"
400,"United Kingdom,Hungary,Australia"
401,"Italy,Belgium"
402,"United States,United Kingdom,Germany"
403,Switzerland
404,"Singapore,Malaysia"
405,"France,Belgium,Luxembourg,Romania,Canada,United States"
406,"South Africa,Nigeria"
407,"Spain,France"
408,"United Kingdom,Hong Kong"
409,Pakistan
410,"Brazil,United States"
411,"Denmark,Brazil,France,Portugal,Sweden"
412,"India,Turkey"
413,"Malaysia,Singapore,Hong Kong"
414,"Philippines,Singapore"
415,"Australia,Canada"
416,"Taiwan,China,France,United States"
417,"Germany,Italy"
418,"Colombia,Peru,United Kingdom"
419,"Thailand,China,United States"
420,"Argentina,United States"
421,"Sweden,United States"
422,"Uruguay,Spain,Mexico"
423,"France,Luxembourg,Canada"
424,"Denmark,Spain"
425,"Chile,Argentina"
426,"United Kingdom,Belgium,Sweden"
427,"Canada,Brazil"
428,"Italy,France"
429,"Canada,Germany"
430,"Pakistan,United Arab Emirates"
431,"Ghana,United States"
432,"Mexico,Finland"
433,"United Arab Emirates,United Kingdom,India"
434,"Netherlands,Belgium"
435,"United States,Taiwan"
436,"Austria,Iraq,United States"
437,"United Kingdom,Malawi"
438,"Paraguay,Argentina"
439,"United Kingdom,Russia,United States"
440,"India,Pakistan"
441,"Indonesia,Singapore"
442,"Spain,Belgium"
443,"Iceland,Sweden,Belgium"
444,Croatia
445,"Uruguay,Argentina,Spain"
446,"United Kingdom,Ireland,United States"
447,"Canada,Germany,France,United States"
448,"United Kingdom,Japan"
449,"Norway,Denmark,Netherlands,Sweden"
450,"Hong Kong,China,United States"
451,"Ireland,Canada"
452,"Italy,Switzerland,France,Germany"
453,"Mexico,Netherlands"
454,"United States,Sweden"
455,"Germany,France,Russia"
456,"France,Iran,United States"
457,"United Kingdom,India"
458,"Russia,Poland,Serbia"
459,"Spain,Portugal"
460,Peru
461,"Mexico,Argentina"
462,"United Kingdom,Canada,United States,Cayman Islands"
463,"Indonesia,United States"
464,"United States,Israel,United Kingdom,Canada"
465,"Norway,Iceland,United States"
466,"Czech Republic,United States"
467,"United Kingdom,India,United States"
468,"United Kingdom,West Germany"
469,"India,Australia"
470,"United States,"
471,"Belgium,United Kingdom,United States"
472,"India,Germany,Austria"
473,"United States,Brazil,South Korea,Mexico,Japan,Germany"
474,"Spain,Mexico"
475,"China,Japan"
476,"Argentina,France"
477,"China,United States,United Kingdom"
478,"France,Luxembourg,United States"
479,"China,United States,Australia"
480,"Colombia,Mexico"
481,"Chile,Peru"
482,"Argentina,Italy"
483,"Canada,Japan,United States"
484,"United Kingdom,Canada,United States,Germany"
485,"Italy,Switzerland,Albania,Poland"
486,"United States,Japan,Canada"
487,Cambodia
488,"Italy,United States,Argentina"
489,"Saudi Arabia,Syria,Egypt,Lebanon,Kuwait"
490,"United States,Canada,Indonesia,United Kingdom,China,Singapore"
491,"Spain,Colombia"
492,"United Kingdom,South Africa,Australia,United States"
493,Bulgaria
494,"Argentina,Brazil,France,Poland,Germany,Denmark"
495,"United Kingdom,Spain,United States,Germany"
496,"Philippines,Qatar"
497,"Netherlands,Belgium,Germany,Jordan"
498,"United Arab Emirates,United States"
499,"Norway,Germany,Sweden"
500,"South Korea,China"
501,Georgia
502,"Soviet Union,India"
503,"Australia,United Arab Emirates"
504,"Canada,Germany,South Africa"
505,"South Korea,China,United States"
506,"India,Soviet Union"
507,"India,Mexico"
508,"Georgia,Germany,France"
509,"United Arab Emirates,Romania"
510,"India,Malaysia"
511,"Germany,Jordan,Netherlands"
512,"Turkey,France,Germany,Poland"
513,"Greece,United States"
514,"Norway,Germany"
515,"France,Morocco"
516,"Cambodia,United States"
517,"United States,Colombia,Mexico"
518,"United Kingdom,Italy,Israel,Peru,United States"
519,"Argentina,Uruguay,Spain,France"
520,"United Kingdom,France,United States,Belgium"
521,"France,Canada,China,Cambodia"
522,"United Kingdom,France,Belgium,United States"
523,"Chile,France"
524,"Netherlands,United States"
525,"France,United Kingdom,India"
526,"Czech Republic,Slovakia"
527,"Singapore,France"
528,"Spain,Switzerland"
529,"United States,Australia,China"
530,"South Africa,United States,Germany"
531,"Spain,Italy,Argentina"
532,"Chile,Spain,Argentina,Germany"
533,West Germany
534,"Austria,Czech Republic"
535,"Lebanon,Qatar"
536,"United Kingdom,Jordan,Qatar,Iran"
537,"France,South Korea,Japan"
538,"Israel,Germany,France"
539,"Canada,Japan,Netherlands"
540,"United States,Hungary"
541,"France,Germany"
542,"France,Qatar"
543,"United Kingdom,Germany,Canada"
544,"Ireland,South Africa"
545,"Chile,United States,France"
546,"Belgium,France,Netherlands"
547,"United Kingdom,Ukraine,United States"
548,"Germany,Australia,France,China"
549,"Norway,United States"
550,"United States,Bermuda,Ecuador"
551,"United States,Hungary,Ireland,Canada"
552,"United Kingdom,Egypt,United States"
553,"United States,France,United Kingdom"
554,"Spain,Mexico,France"
555,"United States,South Africa"
556,"Hong Kong,China,Singapore"
557,"South Africa,China,United States"
558,"Denmark,France,Poland"
559,"New Zealand,United Kingdom"
560,"Netherlands,Denmark,South Africa"
561,"Iran,France"
562,"United Kingdom,United States,France,Germany"
563,"Australia,France"
564,"Ireland,United Kingdom,United States"
565,"United Kingdom,France,Germany"
566,"Canada,Luxembourg"
567,"Brazil,Netherlands,United States,Colombia,Austria,Germany"
568,"France,Canada,Belgium"
569,"Canada,France"
570,"Bulgaria,United States,Spain,Canada"
571,"Sweden,Netherlands"
572,"France,United States,Mexico"
573,"Australia,United Kingdom,United Arab Emirates,Canada"
574,"Australia,Armenia,Japan,Jordan,Mexico,Mongolia,New Zealand,Philippines,South Africa,Sweden,United States,Uruguay"
575,"India,Iran"
576,"France,Belgium,Spain"
577,"Denmark,Sweden,Israel,United States"
578,"United States,Iceland"
579,"United Kingdom,Russia"
580,"United States,Israel,Italy,South Africa"
581,"Netherlands,Denmark,France,Germany"
582,"South Korea,Japan"
583,"United Kingdom,Pakistan"
584,"France,New Zealand"
585,"United Kingdom,Czech Republic,United States,Germany,Bahamas"
586,"China,Germany,India,United States"
587,"Germany,Sri Lanka"
588,"United States,India,Bangladesh"
589,"United States,Canada,France"
590,"Brazil,France,Germany"
591,"Germany,United States,Hong Kong,Singapore"
592,"France,Germany,Switzerland"
593,"Germany,France,Luxembourg,United Kingdom,United States"
594,"United Kingdom,Canada,Italy"
595,"Czech Republic,France"
596,"Taiwan,Hong Kong,United States,China"
597,"Germany,Australia"
598,"United Kingdom,Poland,United States"
599,"Denmark,Zimbabwe"
600,"United Kingdom,South Africa"
601,"Finland,Sweden,Norway,Latvia,Germany"
602,"South Africa,United States,New Zealand,Canada"
603,"United States,Italy,United Kingdom,Liechtenstein"
604,"Denmark,France,Belgium,Italy,Netherlands,United States,United Kingdom"
605,"United States,Australia,Mexico"
606,"United Kingdom,Czech Republic,Germany,United States"
607,"France,China,Japan,United States"
608,"United States,South Korea,China"
609,"Germany,Belgium"
610,"Pakistan,Norway,United States"
611,"United States,Canada,Belgium,United Kingdom"
612,Venezuela
613,"Canada,France,Italy,Morocco,United States"
614,"Canada,Spain,France"
615,"United States,Indonesia"
616,"Spain,France,Italy"
617,"United Arab Emirates,United States,United Kingdom"
618,"United Kingdom,Israel,Russia"
619,"Spain,Cuba"
620,"United States,France,Mexico"
621,"United States,Nicaragua"
622,"United Kingdom,United States,Spain,Germany,Greece,Canada"
623,"Italy,Canada,France"
624,"United Kingdom,Denmark,Canada,Croatia"
625,"Italy,Germany"
626,"United States,France,United Kingdom,Japan"
627,"United States,United Kingdom,Denmark,Sweden"
628,"United States,United Kingdom,Italy"
629,"United States,France,Canada,Spain"
630,"Russia,United States,China"
631,"United States,Canada,Germany"
632,"United States,United Arab Emirates"
633,"Ireland,United Kingdom,Italy,United States"
634,Poland
635,"Slovenia,Croatia,Germany,Czech Republic,Qatar"
636,"Canada,United Kingdom,Netherlands"
637,"United States,Spain,Germany"
638,"India,Japan"
639,"China,South Korea,United States"
640,"United Kingdom,France,Belgium"
641,"Canada,Ireland,United States"
642,"United Kingdom,United States,Dominican Republic"
643,"United States,Senegal"
644,"Germany,United Kingdom,United States"
645,"South Africa,Germany,Netherlands,France"
646,"Ireland,United States,France"
647,"Germany,United States,Canada"
648,"United Kingdom,Germany,Canada,United States"
649,"United States,France,Canada,Lebanon,Qatar"
650,"Netherlands,Belgium,United Kingdom,United States"
651,"France,Belgium,China,United States"
652,"United States,Chile,Israel"
653,"United Kingdom,Norway,Denmark,Germany,Sweden"
654,"Norway,Denmark,Sweden"
655,"China,India,Nepal"
656,"Colombia,Mexico,United States"
657,"United Kingdom,South Korea"
658,"United States,Greece,Brazil"
659,"South Korea,France"
660,"United States,Australia,Samoa,United Kingdom"
661,"Germany,United Kingdom"
662,"Argentina,Chile,Peru"
663,"Turkey,Azerbaijan"
664,"Poland,West Germany"
665,"Germany,United States,Sweden"
666,"Canada,Spain"
667,"United States,Cambodia"
668,"United States,Greece"
669,"Norway,United Kingdom,France,Ireland"
670,"United Kingdom,Poland"
671,"Israel,Sweden,Germany,Netherlands"
672,"Switzerland,France"
673,"Italy,India"
674,"United States,Botswana"
675,"Chile,Argentina,France,Spain,United States"
676,"United States,India,South Korea,China"
677,"Denmark,Germany,Belgium,United Kingdom,France"
678,"Denmark,Germany,Belgium,United Kingdom,France,Sweden"
679,"Brazil,India,China,United States"
680,"Denmark,France,United States,Sweden"
681,"Australia,Iraq"
682,"China,Morocco,Hong Kong"
683,"Canada,United States,Germany"
684,"United Kingdom,Thailand"
685,"Venezuela,Colombia"
686,"Colombia,United States"
687,"France,Germany,Czech Republic,Belgium"
688,"Switzerland,Vatican City,Italy,Germany,France"
689,"Portugal,France,Poland,United States"
690,"United States,New Zealand,Japan"
691,"United States,Netherlands,Japan,France"
692,"India,Switzerland"
693,"Canada,India"
694,"United States,Morocco"
695,"Singapore,Japan,France"
696,"Canada,Mexico,Germany,South Africa"
697,"Germany,France,United States,Canada,United Kingdom"
698,"United States,Uruguay"
699,"India,Canada"
700,"Ireland,Canada,United Kingdom,United States"
701,"United States,Germany,Australia"
702,"Australia,France,Ireland"
703,"Australia,India"
704,"United States,United Kingdom,Canada,Japan"
705,"Sweden,United Kingdom,Finland"
706,"Hong Kong,Taiwan"
707,"United States,United Kingdom,Spain,South Korea"
708,"Guatemala
709,Ukraine"
710,"Italy,South Africa,West Germany,Australia,United States"
711,"United States,Germany,United Kingdom,Australia"
712,"Italy,France,Switzerland"
713,"Canada,France,United States"
714,"Switzerland,United States"
715,"Thailand,Canada,United States"
716,"United Kingdom,New Zealand"
717,"Czech Republic,United Kingdom,France"
718,"Australia,United Kingdom,Canada"
719,"Jamaica,United States"
720,"Australia,United Kingdom,United States,New Zealand,Italy,France"
721,"France,United States,Canada"
722,"United Kingdom,France,Canada,Belgium,United States"
723,"Denmark,United Kingdom,Sweden"
724,"United States,Hong Kong"
725,"United States,Kazakhstan"
726,"Argentina,France,United States,Germany,Qatar"
727,"United States,Germany,United Kingdom,Italy"
728,"United States,New Zealand,United Kingdom"
729,"Finland,United States"
730,"Spain,France,Uruguay"
731,"United States,Canada,China"
732,"Ireland,Canada,Luxembourg,United States,United Kingdom,Philippines,India"
733,"United States,Czech Republic,United Kingdom"
734,"Israel,Germany"
735,"Mexico,France"
736,"Israel,Germany,Poland,Luxembourg,Belgium,France,United States"
737,"Austria,United States"
738,"United Kingdom,Lithuania"
739,"United States,Greece,United Kingdom"
740,"United Kingdom,China,United States,India"
741,"United States,Sweden,Norway"
742,"United Kingdom,United States,Morocco"
743,"United States,United Kingdom,Morocco"
744,"Spain,Canada,United States"
745,"United States,India,United Arab Emirates"
746,"United Kingdom,Canada,France,United States"
747,"India,Germany,France"
748,"Belgium,Ireland,Netherlands,Germany,Afghanistan"
749,"France,Canada,Italy,United States,China"
750,"Ireland,United Kingdom,Greece,France,Netherlands"
751,"Denmark,Indonesia,Finland,Norway,United Kingdom,Israel,France,United States,Germany,Netherlands"
752,"United States,Australia,South Africa,United Kingdom"
753,"United States,Germany,Mexico"
754,"Somalia,Kenya,Sudan,South Africa,United States"
755,"United States,Canada,Japan,Panama"
756,"United Kingdom,Spain,Belgium"
757,"Serbia,South Korea,Slovenia"
758,"Denmark,United Kingdom,South Africa,Sweden,Belgium"
759,"Germany,Canada,United States"
760,"Ireland,Canada,United States,United Kingdom"
761,"New Zealand,United Kingdom,Australia"
762,"United Kingdom,Australia,Canada,United States"
763,"Germany,United States,Italy"
764,"United States,Venezuela"
765,"United Kingdom,Canada,Japan"
766,"United Kingdom,United States,Czech Republic"
767,"United Kingdom,Brazil,Germany"
768,"United Kingdom,Namibia,South Africa,Zimbabwe,United States"
769,"Canada,United States,India,United Kingdom"
770,"Switzerland,United Kingdom,United States"
771,"United Kingdom,India,Sweden"
772,"United States,Brazil,India,Uganda,China"
773,"Peru,United States,United Kingdom"
774,"Germany,United States,United Kingdom,Canada"
775,"Canada,India,Thailand,United States,United Arab Emirates"
776,"United States,East Germany,West Germany"
777,"France,Netherlands,South Africa,Finland"
778,"Egypt,Austria,United States"
779,"Russia,Spain"
780,"Croatia,Slovenia,Serbia,Montenegro"
781,"Japan,Canada"
782,"United States,France,South Korea,Indonesia"
783,"United Arab Emirates,Jordan"
784,"United Kingdom,Mexico,United States"
785,"Ireland,United Kingdom,Germany,Sweden"
786,"United States,United Kingdom,Germany,Canada"
787,"United States,Czech Republic,Spain"
788,"Italy,France,Germany"
789,"United Kingdom,Spain,Ireland,United States"
790,"Ireland,Belgium,United States"
791,"Germany,Luxembourg"
792,"United Kingdom,France,United States,China"
793,"Poland,United Kingdom,Ukraine"
794,"United Kingdom,Sweden,Germany"
795,"Chile,Netherlands,Spain,Germany,United States"
796,"United Kingdom,United Arab Emirates"
797,"Germany,Norway"
798,"Sweden,United States,Germany,United Kingdom"
799,"United Kingdom,Philippines,Hungary,United States"
800,"United States,Bulgaria,Spain,Germany"
801,"United States,Germany,Bulgaria,China"
802,"France,Germany,Bulgaria,United States"
803,"Canada,United States,Spain,South Korea"
804,"Czech Republic,United Kingdom,United States,France"
805,"Germany,United States,Thailand"
806,"United States,Mexico,Australia"
807,"Ireland,United Kingdom,Sweden,Belgium,United States"
808,"Denmark,France,Sweden,Germany,Belgium,Tunisia"
809,"Romania,France,Germany,Sweden"
810,"Ireland,France"
811,"Afghanistan,United States"
812,"United States,Serbia,Canada"
813,"United Kingdom,Israel,United States"
814,"United States,Germany,Canada,United Kingdom"
815,"United States,Germany,Norway,United Kingdom,Montenegro"
816,"United States,Costa Rica"
817,"United Kingdom,Denmark,United States"
818,"United States,Australia,Colombia,French Polynesia,Saudi Arabia"
819,"United Arab Emirates,Hong Kong"
820,"Chile,Colombia,Spain,United States"
821,"Germany,France,United States"
822,"Austria,United Kingdom,Germany,France"
823,"Sweden,France,Norway,Denmark"
824,"Denmark,Sweden,France,Germany"
825,"United States,Netherlands,United Kingdom,Denmark"
826,"Colombia,Argentina,Netherlands,Germany,Sweden,Uruguay,United States,Switzerland,Denmark,France"
827,"Austria,Australia,Germany,United States"
828,"Denmark,Germany,France,United Kingdom,United States,Qatar,Syria"
829,"Finland,Germany,Canada,Sweden,France"
830,"United Kingdom,Belgium,United States"
831,"Australia,United States,United Kingdom"
832,"Sweden,Denmark,United States"
833,"Australia,United States,United Kingdom,India,Singapore"
834,"Switzerland,United Kingdom,France,United States"
835,"Greece,New Zealand"
836,"United Kingdom,Ireland,United States,Germany,Japan,France"
837,"United Kingdom,Sweden,Norway"
838,"Sweden,Denmark"
839,"France,Spain,Romania,Belgium,United States"
840,"United Kingdom,India,Germany,China,United States"
841,"Germany,Luxembourg,Denmark,Belgium,China"
842,"Iceland,Poland,Denmark,Germany,France"
843,"Finland,United Kingdom,Canada"
844,"United Kingdom,Argentina"
845,"Italy,Brazil,Germany,France,Sweden,United States"
846,"Sweden,Denmark,Finland"
847,"United States,Canada,Mexico"
848,"Norway,France,Denmark,Sweden"
849,"Sweden,France"
850,"United Kingdom,Australia,New Zealand,United States"
851,"Japan,Taiwan"
852,"Japan,France"
853,"United Kingdom,France,Germany,Ireland"
854,"Denmark,United Kingdom,Czech Republic,Netherlands"
855,"United Kingdom,United States,India"
856,"Brazil,United States,India"
857,"Switzerland,India"
858,"Chile,Argentina,United States"
859,"Denmark,Sweden,United States"
860,"United States,Portugal"
861,"Canada,United States,Brazil"
862,"India,Sweden"
863,"United Kingdom,Hungary,United States"
864,"Czech Republic,Germany"
865,"Ireland,Belgium,France,Luxembourg,United Kingdom"
866,"United States,Germany,Brazil,Italy"
867,"Australia,United States,Germany"
868,"Germany,Austria,United States"
869,"France,China,Belgium,Monaco"
870,"United States,Austria"
871,"United States,Belgium,Denmark,France"
872,"India,United States,United Kingdom,Canada,China"
873,"India,South Africa,Brazil"
874,"United States,Japan,Singapore,South Korea"
875,"Afghanistan,France"
876,"Australia,Colombia,United Kingdom"
877,"Kosovo,Netherlands"
878,"Spain,United Kingdom,Italy"
879,"United States,United Kingdom,Kazakhstan"
880,"India,Denmark"
881,"United States,Germany,Italy"
882,"Denmark,France"
883,"Kosovo,Albania,United States,Georgia"
884,"Germany,Canada,United States,France,United Kingdom"
885,"United States,Germany,Japan,United Kingdom,Hong Kong"
886,"Italy,Canada"
887,"Italy,Spain"
